{
  "namespace": "com.udacity",
  "type": "record",
  "name": "arrival.value",
  "fields": [
    {
      "name": "station_id",
      "type": "int"
    },
    {
      "name": "train_id",
      "type": "string"
    },
    {
      "name": "direction",
      "type": "string"
    },
    {
      "name": "line",
      "type": "string"
    },
    {
      "name": "train_status",
      "type": "string"
    },
    {
      "name": "prev_station_id",
      "type": ["int", "null"]
    },
    {
      "name": "prev_direction",
      "type": ["string", "null"]
    }
  ]
}
